Replay.csv,
,
REJECT,REPLAY
REJECT,REPLAY
REJECT,REPLAY
REJECT,REPLAY
REJECT,REPLAY
REJECT,REPLAY
REJECT,REPLAY
REJECT,REPLAY
REJECT,REPLAY
REJECT,REPLAY
REJECT,REPLAY
REJECT,REPLAY
REJECT,REPLAY
REJECT,REPLAY
REJECT,REPLAY
REJECT,REPLAY
REJECT,REPLAY
REJECT,REPLAY
REJECT,REPLAY
REJECT,REPLAY
REJECT,REPLAY
REJECT,REPLAY
REJECT,REPLAY
REJECT,REPLAY
REJECT,REPLAY
REJECT,REPLAY
REJECT,REPLAY
REJECT,REPLAY
REJECT,REPLAY
REJECT,REPLAY
REJECT,REPLAY
REJECT,REPLAY
REJECT,REPLAY
REJECT,REPLAY
REJECT,REPLAY
REJECT,REPLAY
REJECT,REPLAY
REJECT,REPLAY
REJECT,REPLAY
REJECT,REPLAY
REJECT,REPLAY
REJECT,REPLAY
REJECT,REPLAY
REJECT,REPLAY
REJECT,REPLAY
REJECT,REPLAY
REJECT,REPLAY
REJECT,REPLAY
REJECT,REPLAY
REJECT,REPLAY
REJECT,REPLAY
REJECT,REPLAY
REJECT,REPLAY
REJECT,REPLAY
REJECT,REPLAY
REJECT,REPLAY
REJECT,REPLAY
REJECT,REPLAY
REJECT,REPLAY
REJECT,REPLAY
REJECT,REPLAY
REJECT,REPLAY
REJECT,REPLAY
REJECT,REPLAY
REJECT,REPLAY
REJECT,REPLAY
REJECT,REPLAY
REJECT,REPLAY
REJECT,REPLAY
REJECT,REPLAY
REJECT,REPLAY
REJECT,REPLAY
REJECT,REPLAY
REJECT,REPLAY
REJECT,REPLAY
REJECT,REPLAY
REJECT,REPLAY
REJECT,REPLAY
REJECT,REPLAY
REJECT,REPLAY
REJECT,REPLAY
REJECT,REPLAY
REJECT,REPLAY
REJECT,REPLAY
REJECT,REPLAY
REJECT,REPLAY
REJECT,REPLAY
REJECT,REPLAY
REJECT,REPLAY
REJECT,REPLAY
REJECT,REPLAY
REJECT,REPLAY
REJECT,REPLAY
REJECT,REPLAY
REJECT,REPLAY
REJECT,REPLAY
REJECT,REPLAY
REJECT,REPLAY
REJECT,REPLAY
REJECT,REPLAY
REJECT,REPLAY
REJECT,REPLAY
REJECT,REPLAY
REJECT,REPLAY
REJECT,REPLAY
REJECT,REPLAY
REJECT,REPLAY
REJECT,REPLAY
REJECT,REPLAY
REJECT,REPLAY
REJECT,REPLAY
REJECT,REPLAY
REJECT,REPLAY
REJECT,REPLAY
REJECT,REPLAY
REJECT,REPLAY
REJECT,REPLAY
REJECT,REPLAY
REJECT,REPLAY
REJECT,REPLAY
REJECT,REPLAY
REJECT,REPLAY
REJECT,REPLAY
REJECT,REPLAY
REJECT,REPLAY
REJECT,REPLAY
REJECT,REPLAY
REJECT,REPLAY
REJECT,REPLAY
REJECT,REPLAY
REJECT,REPLAY
REJECT,REPLAY
REJECT,REPLAY
REJECT,REPLAY
REJECT,REPLAY
REJECT,REPLAY
REJECT,REPLAY
REJECT,REPLAY
REJECT,REPLAY
REJECT,REPLAY
REJECT,REPLAY
REJECT,REPLAY
REJECT,REPLAY
REJECT,REPLAY
REJECT,REPLAY
REJECT,REPLAY
REJECT,REPLAY
REJECT,REPLAY
REJECT,REPLAY
REJECT,REPLAY
REJECT,REPLAY
REJECT,REPLAY
REJECT,REPLAY
REJECT,REPLAY
REJECT,REPLAY
REJECT,REPLAY
REJECT,REPLAY
REJECT,REPLAY
REJECT,REPLAY
REJECT,REPLAY
REJECT,REPLAY
REJECT,REPLAY
REJECT,REPLAY
REJECT,REPLAY
REJECT,REPLAY
REJECT,REPLAY
REJECT,REPLAY
REJECT,REPLAY
REJECT,REPLAY
REJECT,REPLAY
REJECT,REPLAY
REJECT,REPLAY
REJECT,REPLAY
REJECT,REPLAY
REJECT,REPLAY
REJECT,REPLAY
REJECT,REPLAY
REJECT,REPLAY
REJECT,REPLAY
REJECT,REPLAY
REJECT,REPLAY
REJECT,REPLAY
REJECT,REPLAY
REJECT,REPLAY
REJECT,REPLAY
REJECT,REPLAY
REJECT,REPLAY
REJECT,REPLAY
REJECT,REPLAY
REJECT,REPLAY
REJECT,REPLAY
REJECT,REPLAY
REJECT,REPLAY
REJECT,REPLAY
REJECT,REPLAY
REJECT,REPLAY
REJECT,REPLAY
REJECT,REPLAY
REJECT,REPLAY
REJECT,REPLAY
REJECT,REPLAY
REJECT,REPLAY
REJECT,REPLAY
REJECT,REPLAY
REJECT,REPLAY
REJECT,REPLAY
REJECT,REPLAY
REJECT,REPLAY
REJECT,REPLAY
REJECT,REPLAY
REJECT,REPLAY
REJECT,REPLAY
REJECT,REPLAY
REJECT,REPLAY
REJECT,REPLAY
REJECT,REPLAY
REJECT,REPLAY
REJECT,REPLAY
REJECT,REPLAY
REJECT,REPLAY
REJECT,REPLAY
REJECT,REPLAY
REJECT,REPLAY
REJECT,REPLAY
REJECT,REPLAY
REJECT,REPLAY
REJECT,REPLAY
REJECT,REPLAY
REJECT,REPLAY
REJECT,REPLAY
REJECT,REPLAY
REJECT,REPLAY
REJECT,REPLAY
REJECT,REPLAY
REJECT,REPLAY
REJECT,REPLAY
REJECT,REPLAY
REJECT,REPLAY
REJECT,REPLAY
REJECT,REPLAY
REJECT,REPLAY
REJECT,REPLAY
REJECT,REPLAY
REJECT,REPLAY
REJECT,REPLAY
REJECT,REPLAY
REJECT,REPLAY
REJECT,REPLAY
REJECT,REPLAY
REJECT,REPLAY
REJECT,REPLAY
REJECT,REPLAY
REJECT,REPLAY
REJECT,REPLAY
REJECT,REPLAY
REJECT,REPLAY
REJECT,REPLAY
REJECT,REPLAY
REJECT,REPLAY
REJECT,REPLAY
REJECT,REPLAY
REJECT,REPLAY
REJECT,REPLAY
REJECT,REPLAY
REJECT,REPLAY
REJECT,REPLAY
REJECT,REPLAY
REJECT,REPLAY
REJECT,REPLAY
REJECT,REPLAY
REJECT,REPLAY
REJECT,REPLAY
REJECT,REPLAY
REJECT,REPLAY
REJECT,REPLAY
REJECT,REPLAY
REJECT,REPLAY
REJECT,REPLAY
REJECT,REPLAY
REJECT,REPLAY
REJECT,REPLAY
REJECT,REPLAY
REJECT,REPLAY
REJECT,REPLAY
REJECT,REPLAY
REJECT,REPLAY
REJECT,REPLAY
REJECT,REPLAY
REJECT,REPLAY
REJECT,REPLAY
REJECT,REPLAY
REJECT,REPLAY
REJECT,REPLAY
REJECT,REPLAY
REJECT,REPLAY
REJECT,REPLAY
REJECT,REPLAY
REJECT,REPLAY
